{
    "overall": {
        "total_gt": 2860,
        "detected": 2090,
        "recall": 0.7307692307692307
    },
    "per_category": {
        "fish": {
            "total_gt": 1566,
            "detected": 1346,
            "recall": 0.859514687100894
        },
        "reefs": {
            "total_gt": 759,
            "detected": 434,
            "recall": 0.5718050065876152
        },
        "human divers": {
            "total_gt": 193,
            "detected": 177,
            "recall": 0.917098445595855
        },
        "wrecks/ruins": {
            "total_gt": 153,
            "detected": 98,
            "recall": 0.6405228758169934
        },
        "robots": {
            "total_gt": 47,
            "detected": 15,
            "recall": 0.3191489361702128
        },
        "sea-floor": {
            "total_gt": 68,
            "detected": 13,
            "recall": 0.19117647058823528
        },
        "aquatic plants": {
            "total_gt": 74,
            "detected": 7,
            "recall": 0.0945945945945946
        }
    }
}