{
    "overall": {
        "total_gt": 2860,
        "detected": 1548,
        "recall": 0.5412587412587413
    },
    "per_category": {
        "fish": {
            "total_gt": 1566,
            "detected": 1365,
            "recall": 0.8716475095785441
        },
        "reefs": {
            "total_gt": 759,
            "detected": 141,
            "recall": 0.1857707509881423
        },
        "human divers": {
            "total_gt": 193,
            "detected": 2,
            "recall": 0.010362694300518135
        },
        "wrecks/ruins": {
            "total_gt": 153,
            "detected": 4,
            "recall": 0.026143790849673203
        },
        "robots": {
            "total_gt": 47,
            "detected": 4,
            "recall": 0.0851063829787234
        },
        "sea-floor": {
            "total_gt": 68,
            "detected": 0,
            "recall": 0.0
        },
        "aquatic plants": {
            "total_gt": 74,
            "detected": 32,
            "recall": 0.43243243243243246
        }
    }
}