{
    "overall": {
        "total_gt": 2860,
        "detected": 2364,
        "recall": 0.8265734265734266
    },
    "per_category": {
        "fish": {
            "total_gt": 1566,
            "detected": 1414,
            "recall": 0.9029374201787995
        },
        "reefs": {
            "total_gt": 759,
            "detected": 564,
            "recall": 0.7430830039525692
        },
        "human divers": {
            "total_gt": 193,
            "detected": 181,
            "recall": 0.9378238341968912
        },
        "wrecks/ruins": {
            "total_gt": 153,
            "detected": 121,
            "recall": 0.7908496732026143
        },
        "robots": {
            "total_gt": 47,
            "detected": 34,
            "recall": 0.723404255319149
        },
        "sea-floor": {
            "total_gt": 68,
            "detected": 28,
            "recall": 0.4117647058823529
        },
        "aquatic plants": {
            "total_gt": 74,
            "detected": 22,
            "recall": 0.2972972972972973
        }
    }
}